image_index,label,subject,split
4076,0,Abdullah Gul,train
227,0,Abdullah Gul,train
1237,0,Abdullah Gul,train
1,0,Abdullah Gul,train
2225,0,Abdullah Gul,train
1343,0,Abdullah Gul,gallery
2400,0,Abdullah Gul,probe
803,0,Abdullah Gul,probe
2761,0,Abdullah Gul,probe
3112,0,Abdullah Gul,probe
2865,1,Adrien Brody,train
2558,1,Adrien Brody,train
3042,1,Adrien Brody,train
677,1,Adrien Brody,train
4003,1,Adrien Brody,train
1140,1,Adrien Brody,gallery
710,1,Adrien Brody,probe
1645,1,Adrien Brody,probe
280,1,Adrien Brody,probe
2524,1,Adrien Brody,probe
3546,2,Alejandro Toledo,train
1359,2,Alejandro Toledo,train
866,2,Alejandro Toledo,train
455,2,Alejandro Toledo,train
3444,2,Alejandro Toledo,train
3672,2,Alejandro Toledo,gallery
4250,2,Alejandro Toledo,probe
1170,2,Alejandro Toledo,probe
2027,2,Alejandro Toledo,probe
700,2,Alejandro Toledo,probe
2253,3,Alvaro Uribe,train
1075,3,Alvaro Uribe,train
3282,3,Alvaro Uribe,train
3420,3,Alvaro Uribe,train
3820,3,Alvaro Uribe,train
2474,3,Alvaro Uribe,gallery
881,3,Alvaro Uribe,probe
2943,3,Alvaro Uribe,probe
389,3,Alvaro Uribe,probe
660,3,Alvaro Uribe,probe
3388,4,Amelie Mauresmo,train
2433,4,Amelie Mauresmo,train
1903,4,Amelie Mauresmo,train
153,4,Amelie Mauresmo,train
3931,4,Amelie Mauresmo,train
1695,4,Amelie Mauresmo,gallery
952,4,Amelie Mauresmo,probe
2082,4,Amelie Mauresmo,probe
3940,4,Amelie Mauresmo,probe
2823,4,Amelie Mauresmo,probe
116,5,Andre Agassi,train
300,5,Andre Agassi,train
4154,5,Andre Agassi,train
3244,5,Andre Agassi,train
3121,5,Andre Agassi,train
2674,5,Andre Agassi,gallery
2434,5,Andre Agassi,probe
2787,5,Andre Agassi,probe
1636,5,Andre Agassi,probe
2259,5,Andre Agassi,probe
200,6,Andy Roddick,train
564,6,Andy Roddick,train
2960,6,Andy Roddick,train
2822,6,Andy Roddick,train
3669,6,Andy Roddick,train
1144,6,Andy Roddick,gallery
633,6,Andy Roddick,probe
2883,6,Andy Roddick,probe
1992,6,Andy Roddick,probe
2659,6,Andy Roddick,probe
1577,7,Angelina Jolie,train
249,7,Angelina Jolie,train
3270,7,Angelina Jolie,train
851,7,Angelina Jolie,train
282,7,Angelina Jolie,train
682,7,Angelina Jolie,gallery
1028,7,Angelina Jolie,probe
4054,7,Angelina Jolie,probe
1133,7,Angelina Jolie,probe
1449,7,Angelina Jolie,probe
337,8,Ann Veneman,train
3440,8,Ann Veneman,train
2408,8,Ann Veneman,train
1440,8,Ann Veneman,train
4172,8,Ann Veneman,train
4167,8,Ann Veneman,gallery
3063,8,Ann Veneman,probe
979,8,Ann Veneman,probe
1806,8,Ann Veneman,probe
4241,8,Ann Veneman,probe
3688,9,Anna Kournikova,train
2458,9,Anna Kournikova,train
635,9,Anna Kournikova,train
1866,9,Anna Kournikova,train
713,9,Anna Kournikova,train
1221,9,Anna Kournikova,gallery
1316,9,Anna Kournikova,probe
263,9,Anna Kournikova,probe
1218,9,Anna Kournikova,probe
1552,9,Anna Kournikova,probe
1035,10,Ari Fleischer,train
3256,10,Ari Fleischer,train
315,10,Ari Fleischer,train
1619,10,Ari Fleischer,train
3289,10,Ari Fleischer,train
1172,10,Ari Fleischer,gallery
4094,10,Ari Fleischer,probe
836,10,Ari Fleischer,probe
3329,10,Ari Fleischer,probe
3552,10,Ari Fleischer,probe
436,11,Ariel Sharon,train
863,11,Ariel Sharon,train
586,11,Ariel Sharon,train
2197,11,Ariel Sharon,train
4021,11,Ariel Sharon,train
2211,11,Ariel Sharon,gallery
775,11,Ariel Sharon,probe
3758,11,Ariel Sharon,probe
3491,11,Ariel Sharon,probe
1944,11,Ariel Sharon,probe
1146,12,Arnold Schwarzenegger,train
2951,12,Arnold Schwarzenegger,train
3017,12,Arnold Schwarzenegger,train
2810,12,Arnold Schwarzenegger,train
1388,12,Arnold Schwarzenegger,train
2732,12,Arnold Schwarzenegger,gallery
1607,12,Arnold Schwarzenegger,probe
1721,12,Arnold Schwarzenegger,probe
2427,12,Arnold Schwarzenegger,probe
390,12,Arnold Schwarzenegger,probe
3874,13,Atal Bihari Vajpayee,train
1754,13,Atal Bihari Vajpayee,train
1776,13,Atal Bihari Vajpayee,train
898,13,Atal Bihari Vajpayee,train
2766,13,Atal Bihari Vajpayee,train
909,13,Atal Bihari Vajpayee,gallery
3605,13,Atal Bihari Vajpayee,probe
3103,13,Atal Bihari Vajpayee,probe
742,13,Atal Bihari Vajpayee,probe
3428,13,Atal Bihari Vajpayee,probe
2490,14,Bill Clinton,train
1937,14,Bill Clinton,train
2717,14,Bill Clinton,train
506,14,Bill Clinton,train
701,14,Bill Clinton,train
3767,14,Bill Clinton,gallery
2335,14,Bill Clinton,probe
3762,14,Bill Clinton,probe
975,14,Bill Clinton,probe
2793,14,Bill Clinton,probe
335,15,Bill Gates,train
1651,15,Bill Gates,train
2405,15,Bill Gates,train
466,15,Bill Gates,train
563,15,Bill Gates,train
1040,15,Bill Gates,gallery
3805,15,Bill Gates,probe
1702,15,Bill Gates,probe
908,15,Bill Gates,probe
3814,15,Bill Gates,probe
1407,16,Bill McBride,train
3006,16,Bill McBride,train
1069,16,Bill McBride,train
2721,16,Bill McBride,train
960,16,Bill McBride,train
1823,16,Bill McBride,gallery
2431,16,Bill McBride,probe
994,16,Bill McBride,probe
2604,16,Bill McBride,probe
1206,16,Bill McBride,probe
692,17,Bill Simon,train
1012,17,Bill Simon,train
2902,17,Bill Simon,train
73,17,Bill Simon,train
703,17,Bill Simon,train
3476,17,Bill Simon,gallery
1773,17,Bill Simon,probe
3498,17,Bill Simon,probe
2378,17,Bill Simon,probe
3465,17,Bill Simon,probe
2644,18,Britney Spears,train
1053,18,Britney Spears,train
2586,18,Britney Spears,train
408,18,Britney Spears,train
2410,18,Britney Spears,train
2319,18,Britney Spears,gallery
3510,18,Britney Spears,probe
3662,18,Britney Spears,probe
1931,18,Britney Spears,probe
4086,18,Britney Spears,probe
4320,19,Carlos Menem,train
2743,19,Carlos Menem,train
354,19,Carlos Menem,train
2178,19,Carlos Menem,train
3152,19,Carlos Menem,train
1857,19,Carlos Menem,gallery
993,19,Carlos Menem,probe
2054,19,Carlos Menem,probe
2841,19,Carlos Menem,probe
3612,19,Carlos Menem,probe
1439,20,Carlos Moya,train
493,20,Carlos Moya,train
614,20,Carlos Moya,train
3692,20,Carlos Moya,train
4253,20,Carlos Moya,train
3852,20,Carlos Moya,gallery
1769,20,Carlos Moya,probe
1211,20,Carlos Moya,probe
1318,20,Carlos Moya,probe
854,20,Carlos Moya,probe
1883,21,Catherine Zeta-Jones,train
2332,21,Catherine Zeta-Jones,train
304,21,Catherine Zeta-Jones,train
16,21,Catherine Zeta-Jones,train
620,21,Catherine Zeta-Jones,train
3690,21,Catherine Zeta-Jones,gallery
4230,21,Catherine Zeta-Jones,probe
3652,21,Catherine Zeta-Jones,probe
1342,21,Catherine Zeta-Jones,probe
886,21,Catherine Zeta-Jones,probe
1716,22,Charles Moose,train
1715,22,Charles Moose,train
4010,22,Charles Moose,train
2942,22,Charles Moose,train
3533,22,Charles Moose,train
3921,22,Charles Moose,gallery
3858,22,Charles Moose,probe
2502,22,Charles Moose,probe
2403,22,Charles Moose,probe
2911,22,Charles Moose,probe
624,23,Colin Powell,train
2104,23,Colin Powell,train
3915,23,Colin Powell,train
2553,23,Colin Powell,train
3412,23,Colin Powell,train
1058,23,Colin Powell,gallery
2200,23,Colin Powell,probe
2140,23,Colin Powell,probe
3252,23,Colin Powell,probe
2937,23,Colin Powell,probe
1894,24,Condoleezza Rice,train
905,24,Condoleezza Rice,train
4314,24,Condoleezza Rice,train
3002,24,Condoleezza Rice,train
2701,24,Condoleezza Rice,train
4170,24,Condoleezza Rice,gallery
1561,24,Condoleezza Rice,probe
3496,24,Condoleezza Rice,probe
3474,24,Condoleezza Rice,probe
3488,24,Condoleezza Rice,probe
64,25,David Beckham,train
3116,25,David Beckham,train
2459,25,David Beckham,train
3958,25,David Beckham,train
1703,25,David Beckham,train
2673,25,David Beckham,gallery
4092,25,David Beckham,probe
2988,25,David Beckham,probe
248,25,David Beckham,probe
752,25,David Beckham,probe
37,26,David Nalbandian,train
1092,26,David Nalbandian,train
2709,26,David Nalbandian,train
4083,26,David Nalbandian,train
987,26,David Nalbandian,train
2747,26,David Nalbandian,gallery
604,26,David Nalbandian,probe
720,26,David Nalbandian,probe
128,26,David Nalbandian,probe
696,26,David Nalbandian,probe
2784,27,Dick Cheney,train
955,27,Dick Cheney,train
3661,27,Dick Cheney,train
3168,27,Dick Cheney,train
1089,27,Dick Cheney,train
2955,27,Dick Cheney,gallery
2694,27,Dick Cheney,probe
1907,27,Dick Cheney,probe
231,27,Dick Cheney,probe
3647,27,Dick Cheney,probe
72,28,Dominique de Villepin,train
619,28,Dominique de Villepin,train
1959,28,Dominique de Villepin,train
2979,28,Dominique de Villepin,train
1792,28,Dominique de Villepin,train
1210,28,Dominique de Villepin,gallery
1401,28,Dominique de Villepin,probe
11,28,Dominique de Villepin,probe
1740,28,Dominique de Villepin,probe
1510,28,Dominique de Villepin,probe
306,29,Donald Rumsfeld,train
334,29,Donald Rumsfeld,train
131,29,Donald Rumsfeld,train
3049,29,Donald Rumsfeld,train
1100,29,Donald Rumsfeld,train
309,29,Donald Rumsfeld,gallery
2561,29,Donald Rumsfeld,probe
2214,29,Donald Rumsfeld,probe
3848,29,Donald Rumsfeld,probe
2678,29,Donald Rumsfeld,probe
3997,30,Edmund Stoiber,train
208,30,Edmund Stoiber,train
1196,30,Edmund Stoiber,train
305,30,Edmund Stoiber,train
3606,30,Edmund Stoiber,train
1153,30,Edmund Stoiber,gallery
4302,30,Edmund Stoiber,probe
3788,30,Edmund Stoiber,probe
2651,30,Edmund Stoiber,probe
2399,30,Edmund Stoiber,probe
2570,31,Eduardo Duhalde,train
1270,31,Eduardo Duhalde,train
1930,31,Eduardo Duhalde,train
1889,31,Eduardo Duhalde,train
3956,31,Eduardo Duhalde,train
4056,31,Eduardo Duhalde,gallery
3098,31,Eduardo Duhalde,probe
2652,31,Eduardo Duhalde,probe
2997,31,Eduardo Duhalde,probe
2246,31,Eduardo Duhalde,probe
3891,32,Fidel Castro,train
4263,32,Fidel Castro,train
1943,32,Fidel Castro,train
876,32,Fidel Castro,train
3033,32,Fidel Castro,train
1545,32,Fidel Castro,gallery
1355,32,Fidel Castro,probe
2224,32,Fidel Castro,probe
2112,32,Fidel Castro,probe
3898,32,Fidel Castro,probe
1021,33,George HW Bush,train
1022,33,George HW Bush,train
1313,33,George HW Bush,train
3083,33,George HW Bush,train
133,33,George HW Bush,train
557,33,George HW Bush,gallery
3925,33,George HW Bush,probe
4270,33,George HW Bush,probe
3860,33,George HW Bush,probe
4259,33,George HW Bush,probe
3600,34,George Robertson,train
1603,34,George Robertson,train
1867,34,George Robertson,train
570,34,George Robertson,train
1816,34,George Robertson,train
3610,34,George Robertson,gallery
71,34,George Robertson,probe
465,34,George Robertson,probe
188,34,George Robertson,probe
2684,34,George Robertson,probe
2894,35,George W Bush,train
1643,35,George W Bush,train
4266,35,George W Bush,train
4107,35,George W Bush,train
616,35,George W Bush,train
1915,35,George W Bush,gallery
606,35,George W Bush,probe
2128,35,George W Bush,probe
3907,35,George W Bush,probe
3599,35,George W Bush,probe
3709,36,Gerhard Schroeder,train
2314,36,Gerhard Schroeder,train
3862,36,Gerhard Schroeder,train
751,36,Gerhard Schroeder,train
281,36,Gerhard Schroeder,train
1039,36,Gerhard Schroeder,gallery
730,36,Gerhard Schroeder,probe
834,36,Gerhard Schroeder,probe
674,36,Gerhard Schroeder,probe
4213,36,Gerhard Schroeder,probe
1719,37,Gloria Macapagal Arroyo,train
2361,37,Gloria Macapagal Arroyo,train
2619,37,Gloria Macapagal Arroyo,train
3628,37,Gloria Macapagal Arroyo,train
2417,37,Gloria Macapagal Arroyo,train
4032,37,Gloria Macapagal Arroyo,gallery
1709,37,Gloria Macapagal Arroyo,probe
2592,37,Gloria Macapagal Arroyo,probe
4017,37,Gloria Macapagal Arroyo,probe
3426,37,Gloria Macapagal Arroyo,probe
130,38,Gonzalo Sanchez de Lozada,train
4174,38,Gonzalo Sanchez de Lozada,train
846,38,Gonzalo Sanchez de Lozada,train
897,38,Gonzalo Sanchez de Lozada,train
1845,38,Gonzalo Sanchez de Lozada,train
4151,38,Gonzalo Sanchez de Lozada,gallery
414,38,Gonzalo Sanchez de Lozada,probe
2092,38,Gonzalo Sanchez de Lozada,probe
1685,38,Gonzalo Sanchez de Lozada,probe
693,38,Gonzalo Sanchez de Lozada,probe
2296,39,Gordon Brown,train
2371,39,Gordon Brown,train
1879,39,Gordon Brown,train
1025,39,Gordon Brown,train
844,39,Gordon Brown,train
402,39,Gordon Brown,gallery
2807,39,Gordon Brown,probe
1662,39,Gordon Brown,probe
556,39,Gordon Brown,probe
3399,39,Gordon Brown,probe
222,40,Gray Davis,train
896,40,Gray Davis,train
1002,40,Gray Davis,train
1379,40,Gray Davis,train
3015,40,Gray Davis,train
2103,40,Gray Davis,gallery
3283,40,Gray Davis,probe
4043,40,Gray Davis,probe
2485,40,Gray Davis,probe
2682,40,Gray Davis,probe
174,41,Guillermo Coria,train
1627,41,Guillermo Coria,train
1408,41,Guillermo Coria,train
3079,41,Guillermo Coria,train
3938,41,Guillermo Coria,train
237,41,Guillermo Coria,gallery
152,41,Guillermo Coria,probe
3870,41,Guillermo Coria,probe
4301,41,Guillermo Coria,probe
2751,41,Guillermo Coria,probe
2176,42,Halle Berry,train
3774,42,Halle Berry,train
3556,42,Halle Berry,train
2002,42,Halle Berry,train
3990,42,Halle Berry,train
2792,42,Halle Berry,gallery
4044,42,Halle Berry,probe
2115,42,Halle Berry,probe
75,42,Halle Berry,probe
1066,42,Halle Berry,probe
3246,43,Hamid Karzai,train
1558,43,Hamid Karzai,train
3487,43,Hamid Karzai,train
2871,43,Hamid Karzai,train
2299,43,Hamid Karzai,train
4013,43,Hamid Karzai,gallery
1086,43,Hamid Karzai,probe
3568,43,Hamid Karzai,probe
1433,43,Hamid Karzai,probe
1265,43,Hamid Karzai,probe
157,44,Hans Blix,train
519,44,Hans Blix,train
1535,44,Hans Blix,train
1581,44,Hans Blix,train
3423,44,Hans Blix,train
592,44,Hans Blix,gallery
2016,44,Hans Blix,probe
4189,44,Hans Blix,probe
1195,44,Hans Blix,probe
574,44,Hans Blix,probe
961,45,Harrison Ford,train
4297,45,Harrison Ford,train
146,45,Harrison Ford,train
3796,45,Harrison Ford,train
4039,45,Harrison Ford,train
3528,45,Harrison Ford,gallery
1665,45,Harrison Ford,probe
3179,45,Harrison Ford,probe
1007,45,Harrison Ford,probe
571,45,Harrison Ford,probe
3770,46,Hillary Clinton,train
3516,46,Hillary Clinton,train
3128,46,Hillary Clinton,train
3212,46,Hillary Clinton,train
467,46,Hillary Clinton,train
1905,46,Hillary Clinton,gallery
1064,46,Hillary Clinton,probe
1177,46,Hillary Clinton,probe
3996,46,Hillary Clinton,probe
2683,46,Hillary Clinton,probe
1520,47,Howard Dean,train
2424,47,Howard Dean,train
575,47,Howard Dean,train
2174,47,Howard Dean,train
89,47,Howard Dean,train
791,47,Howard Dean,gallery
2748,47,Howard Dean,probe
1733,47,Howard Dean,probe
2991,47,Howard Dean,probe
3245,47,Howard Dean,probe
1205,48,Hu Jintao,train
2391,48,Hu Jintao,train
2938,48,Hu Jintao,train
3067,48,Hu Jintao,train
3084,48,Hu Jintao,train
1200,48,Hu Jintao,gallery
1094,48,Hu Jintao,probe
1730,48,Hu Jintao,probe
198,48,Hu Jintao,probe
3926,48,Hu Jintao,probe
702,49,Hugo Chavez,train
1800,49,Hugo Chavez,train
829,49,Hugo Chavez,train
4195,49,Hugo Chavez,train
3341,49,Hugo Chavez,train
141,49,Hugo Chavez,gallery
261,49,Hugo Chavez,probe
2953,49,Hugo Chavez,probe
2441,49,Hugo Chavez,probe
4050,49,Hugo Chavez,probe
2598,50,Ian Thorpe,train
3464,50,Ian Thorpe,train
192,50,Ian Thorpe,train
2303,50,Ian Thorpe,train
3274,50,Ian Thorpe,train
729,50,Ian Thorpe,gallery
1710,50,Ian Thorpe,probe
134,50,Ian Thorpe,probe
2472,50,Ian Thorpe,probe
552,50,Ian Thorpe,probe
2879,51,Igor Ivanov,train
568,51,Igor Ivanov,train
782,51,Igor Ivanov,train
3153,51,Igor Ivanov,train
3238,51,Igor Ivanov,train
1208,51,Igor Ivanov,gallery
1419,51,Igor Ivanov,probe
1890,51,Igor Ivanov,probe
4248,51,Igor Ivanov,probe
1383,51,Igor Ivanov,probe
754,52,Jack Straw,train
2589,52,Jack Straw,train
717,52,Jack Straw,train
4252,52,Jack Straw,train
1119,52,Jack Straw,train
4137,52,Jack Straw,gallery
159,52,Jack Straw,probe
2347,52,Jack Straw,probe
2952,52,Jack Straw,probe
1624,52,Jack Straw,probe
3823,53,Jackie Chan,train
1418,53,Jackie Chan,train
3344,53,Jackie Chan,train
2041,53,Jackie Chan,train
3506,53,Jackie Chan,train
1511,53,Jackie Chan,gallery
3873,53,Jackie Chan,probe
3700,53,Jackie Chan,probe
4095,53,Jackie Chan,probe
3332,53,Jackie Chan,probe
1854,54,Jacques Chirac,train
1178,54,Jacques Chirac,train
2204,54,Jacques Chirac,train
1726,54,Jacques Chirac,train
3454,54,Jacques Chirac,train
2542,54,Jacques Chirac,gallery
2325,54,Jacques Chirac,probe
3642,54,Jacques Chirac,probe
1799,54,Jacques Chirac,probe
830,54,Jacques Chirac,probe
2622,55,Jacques Rogge,train
3786,55,Jacques Rogge,train
2007,55,Jacques Rogge,train
2377,55,Jacques Rogge,train
1507,55,Jacques Rogge,train
3890,55,Jacques Rogge,gallery
3187,55,Jacques Rogge,probe
3504,55,Jacques Rogge,probe
3250,55,Jacques Rogge,probe
690,55,Jacques Rogge,probe
3470,56,James Blake,train
5,56,James Blake,train
3475,56,James Blake,train
2345,56,James Blake,train
3539,56,James Blake,train
776,56,James Blake,gallery
2208,56,James Blake,probe
3167,56,James Blake,probe
3733,56,James Blake,probe
3436,56,James Blake,probe
3497,57,James Kelly,train
2440,57,James Kelly,train
57,57,James Kelly,train
4180,57,James Kelly,train
2633,57,James Kelly,train
2995,57,James Kelly,gallery
385,57,James Kelly,probe
19,57,James Kelly,probe
2435,57,James Kelly,probe
2286,57,James Kelly,probe
3439,58,Jason Kidd,train
1186,58,Jason Kidd,train
1924,58,Jason Kidd,train
762,58,Jason Kidd,train
2896,58,Jason Kidd,train
1357,58,Jason Kidd,gallery
438,58,Jason Kidd,probe
544,58,Jason Kidd,probe
448,58,Jason Kidd,probe
1190,58,Jason Kidd,probe
1811,59,Javier Solana,train
3253,59,Javier Solana,train
209,59,Javier Solana,train
329,59,Javier Solana,train
3100,59,Javier Solana,train
3453,59,Javier Solana,gallery
912,59,Javier Solana,probe
32,59,Javier Solana,probe
1217,59,Javier Solana,probe
181,59,Javier Solana,probe
969,60,Jean Charest,train
3677,60,Jean Charest,train
925,60,Jean Charest,train
1746,60,Jean Charest,train
4118,60,Jean Charest,train
1031,60,Jean Charest,gallery
1429,60,Jean Charest,probe
756,60,Jean Charest,probe
3501,60,Jean Charest,probe
3030,60,Jean Charest,probe
3233,61,Jean Chretien,train
230,61,Jean Chretien,train
2422,61,Jean Chretien,train
857,61,Jean Chretien,train
968,61,Jean Chretien,train
3013,61,Jean Chretien,gallery
2488,61,Jean Chretien,probe
2497,61,Jean Chretien,probe
1309,61,Jean Chretien,probe
4130,61,Jean Chretien,probe
3176,62,Jean-David Levitte,train
3553,62,Jean-David Levitte,train
1950,62,Jean-David Levitte,train
346,62,Jean-David Levitte,train
2362,62,Jean-David Levitte,train
2949,62,Jean-David Levitte,gallery
3980,62,Jean-David Levitte,probe
1070,62,Jean-David Levitte,probe
1441,62,Jean-David Levitte,probe
3334,62,Jean-David Levitte,probe
3325,63,Jeb Bush,train
50,63,Jeb Bush,train
163,63,Jeb Bush,train
2057,63,Jeb Bush,train
2443,63,Jeb Bush,train
2703,63,Jeb Bush,gallery
3406,63,Jeb Bush,probe
4243,63,Jeb Bush,probe
991,63,Jeb Bush,probe
1966,63,Jeb Bush,probe
468,64,Jennifer Aniston,train
2121,64,Jennifer Aniston,train
2275,64,Jennifer Aniston,train
1521,64,Jennifer Aniston,train
3395,64,Jennifer Aniston,train
3391,64,Jennifer Aniston,gallery
891,64,Jennifer Aniston,probe
1078,64,Jennifer Aniston,probe
479,64,Jennifer Aniston,probe
1599,64,Jennifer Aniston,probe
2388,65,Jennifer Capriati,train
1276,65,Jennifer Capriati,train
1461,65,Jennifer Capriati,train
1756,65,Jennifer Capriati,train
2257,65,Jennifer Capriati,train
2931,65,Jennifer Capriati,gallery
580,65,Jennifer Capriati,probe
1475,65,Jennifer Capriati,probe
4169,65,Jennifer Capriati,probe
666,65,Jennifer Capriati,probe
2390,66,Jennifer Garner,train
2555,66,Jennifer Garner,train
219,66,Jennifer Garner,train
1242,66,Jennifer Garner,train
3104,66,Jennifer Garner,train
715,66,Jennifer Garner,gallery
1602,66,Jennifer Garner,probe
3976,66,Jennifer Garner,probe
2523,66,Jennifer Garner,probe
111,66,Jennifer Garner,probe
1961,67,Jennifer Lopez,train
3123,67,Jennifer Lopez,train
4287,67,Jennifer Lopez,train
799,67,Jennifer Lopez,train
1557,67,Jennifer Lopez,train
1476,67,Jennifer Lopez,gallery
3311,67,Jennifer Lopez,probe
2160,67,Jennifer Lopez,probe
3216,67,Jennifer Lopez,probe
2102,67,Jennifer Lopez,probe
92,68,Jeremy Greenstock,train
3389,68,Jeremy Greenstock,train
3697,68,Jeremy Greenstock,train
3654,68,Jeremy Greenstock,train
3404,68,Jeremy Greenstock,train
2623,68,Jeremy Greenstock,gallery
4146,68,Jeremy Greenstock,probe
1166,68,Jeremy Greenstock,probe
3051,68,Jeremy Greenstock,probe
861,68,Jeremy Greenstock,probe
3355,69,Jiang Zemin,train
2585,69,Jiang Zemin,train
2157,69,Jiang Zemin,train
1846,69,Jiang Zemin,train
1297,69,Jiang Zemin,train
1399,69,Jiang Zemin,gallery
2338,69,Jiang Zemin,probe
1562,69,Jiang Zemin,probe
1420,69,Jiang Zemin,probe
2409,69,Jiang Zemin,probe
53,70,Jiri Novak,train
647,70,Jiri Novak,train
585,70,Jiri Novak,train
3843,70,Jiri Novak,train
2547,70,Jiri Novak,train
3656,70,Jiri Novak,gallery
1583,70,Jiri Novak,probe
2735,70,Jiri Novak,probe
1880,70,Jiri Novak,probe
4312,70,Jiri Novak,probe
3830,71,Joe Lieberman,train
3161,71,Joe Lieberman,train
1505,71,Joe Lieberman,train
636,71,Joe Lieberman,train
513,71,Joe Lieberman,train
1837,71,Joe Lieberman,gallery
1762,71,Joe Lieberman,probe
1780,71,Joe Lieberman,probe
3102,71,Joe Lieberman,probe
4289,71,Joe Lieberman,probe
1397,72,John Allen Muhammad,train
4011,72,John Allen Muhammad,train
147,72,John Allen Muhammad,train
4239,72,John Allen Muhammad,train
3186,72,John Allen Muhammad,train
370,72,John Allen Muhammad,gallery
3486,72,John Allen Muhammad,probe
101,72,John Allen Muhammad,probe
1373,72,John Allen Muhammad,probe
1390,72,John Allen Muhammad,probe
4160,73,John Ashcroft,train
600,73,John Ashcroft,train
2754,73,John Ashcroft,train
2116,73,John Ashcroft,train
1587,73,John Ashcroft,train
795,73,John Ashcroft,gallery
599,73,John Ashcroft,probe
2036,73,John Ashcroft,probe
2436,73,John Ashcroft,probe
2209,73,John Ashcroft,probe
1185,74,John Bolton,train
2802,74,John Bolton,train
576,74,John Bolton,train
4072,74,John Bolton,train
888,74,John Bolton,train
1996,74,John Bolton,gallery
2958,74,John Bolton,probe
1156,74,John Bolton,probe
941,74,John Bolton,probe
1528,74,John Bolton,probe
4062,75,John Howard,train
4028,75,John Howard,train
3715,75,John Howard,train
2015,75,John Howard,train
1260,75,John Howard,train
2340,75,John Howard,gallery
3825,75,John Howard,probe
2516,75,John Howard,probe
1691,75,John Howard,probe
670,75,John Howard,probe
3300,76,John Kerry,train
2235,76,John Kerry,train
2439,76,John Kerry,train
4279,76,John Kerry,train
2014,76,John Kerry,train
2691,76,John Kerry,gallery
1781,76,John Kerry,probe
3207,76,John Kerry,probe
12,76,John Kerry,probe
3275,76,John Kerry,probe
3410,77,John Negroponte,train
921,77,John Negroponte,train
4069,77,John Negroponte,train
317,77,John Negroponte,train
46,77,John Negroponte,train
2577,77,John Negroponte,gallery
3291,77,John Negroponte,probe
2912,77,John Negroponte,probe
532,77,John Negroponte,probe
2111,77,John Negroponte,probe
2193,78,John Paul II,train
1029,78,John Paul II,train
2355,78,John Paul II,train
275,78,John Paul II,train
3159,78,John Paul II,train
602,78,John Paul II,gallery
2617,78,John Paul II,probe
1648,78,John Paul II,probe
2910,78,John Paul II,probe
999,78,John Paul II,probe
3272,79,John Snow,train
4268,79,John Snow,train
272,79,John Snow,train
2620,79,John Snow,train
1490,79,John Snow,train
225,79,John Snow,gallery
783,79,John Snow,probe
2411,79,John Snow,probe
2702,79,John Snow,probe
3978,79,John Snow,probe
983,80,Joschka Fischer,train
3001,80,Joschka Fischer,train
2730,80,Joschka Fischer,train
1517,80,Joschka Fischer,train
1306,80,Joschka Fischer,train
199,80,Joschka Fischer,gallery
4215,80,Joschka Fischer,probe
839,80,Joschka Fischer,probe
1413,80,Joschka Fischer,probe
3162,80,Joschka Fischer,probe
943,81,Jose Maria Aznar,train
18,81,Jose Maria Aznar,train
2484,81,Jose Maria Aznar,train
3818,81,Jose Maria Aznar,train
2293,81,Jose Maria Aznar,train
1319,81,Jose Maria Aznar,gallery
2124,81,Jose Maria Aznar,probe
3139,81,Jose Maria Aznar,probe
352,81,Jose Maria Aznar,probe
367,81,Jose Maria Aznar,probe
395,82,Juan Carlos Ferrero,train
1629,82,Juan Carlos Ferrero,train
3703,82,Juan Carlos Ferrero,train
470,82,Juan Carlos Ferrero,train
2852,82,Juan Carlos Ferrero,train
739,82,Juan Carlos Ferrero,gallery
508,82,Juan Carlos Ferrero,probe
1068,82,Juan Carlos Ferrero,probe
4200,82,Juan Carlos Ferrero,probe
1248,82,Juan Carlos Ferrero,probe
4247,83,Julianne Moore,train
432,83,Julianne Moore,train
2851,83,Julianne Moore,train
3721,83,Julianne Moore,train
160,83,Julianne Moore,train
340,83,Julianne Moore,gallery
3174,83,Julianne Moore,probe
3066,83,Julianne Moore,probe
3306,83,Julianne Moore,probe
1020,83,Julianne Moore,probe
3523,84,Julie Gerberding,train
1372,84,Julie Gerberding,train
3365,84,Julie Gerberding,train
1034,84,Julie Gerberding,train
1299,84,Julie Gerberding,train
2261,84,Julie Gerberding,gallery
3597,84,Julie Gerberding,probe
1158,84,Julie Gerberding,probe
622,84,Julie Gerberding,probe
412,84,Julie Gerberding,probe
3845,85,Junichiro Koizumi,train
950,85,Junichiro Koizumi,train
3094,85,Junichiro Koizumi,train
1849,85,Junichiro Koizumi,train
3268,85,Junichiro Koizumi,train
551,85,Junichiro Koizumi,gallery
4175,85,Junichiro Koizumi,probe
2635,85,Junichiro Koizumi,probe
4236,85,Junichiro Koizumi,probe
166,85,Junichiro Koizumi,probe
4225,86,Keanu Reeves,train
33,86,Keanu Reeves,train
1940,86,Keanu Reeves,train
3320,86,Keanu Reeves,train
1847,86,Keanu Reeves,train
1522,86,Keanu Reeves,gallery
2857,86,Keanu Reeves,probe
2216,86,Keanu Reeves,probe
763,86,Keanu Reeves,probe
3356,86,Keanu Reeves,probe
3865,87,Kim Clijsters,train
1201,87,Kim Clijsters,train
3118,87,Kim Clijsters,train
2414,87,Kim Clijsters,train
2199,87,Kim Clijsters,train
2349,87,Kim Clijsters,gallery
2710,87,Kim Clijsters,probe
4157,87,Kim Clijsters,probe
3799,87,Kim Clijsters,probe
4016,87,Kim Clijsters,probe
2461,88,Kim Ryong-sung,train
44,88,Kim Ryong-sung,train
3527,88,Kim Ryong-sung,train
3484,88,Kim Ryong-sung,train
1872,88,Kim Ryong-sung,train
1642,88,Kim Ryong-sung,gallery
49,88,Kim Ryong-sung,probe
3861,88,Kim Ryong-sung,probe
4283,88,Kim Ryong-sung,probe
129,88,Kim Ryong-sung,probe
2549,89,Kofi Annan,train
789,89,Kofi Annan,train
2711,89,Kofi Annan,train
565,89,Kofi Annan,train
856,89,Kofi Annan,train
1864,89,Kofi Annan,gallery
1363,89,Kofi Annan,probe
3905,89,Kofi Annan,probe
779,89,Kofi Annan,probe
766,89,Kofi Annan,probe
4115,90,Lance Armstrong,train
2062,90,Lance Armstrong,train
301,90,Lance Armstrong,train
3072,90,Lance Armstrong,train
2878,90,Lance Armstrong,train
3078,90,Lance Armstrong,gallery
3564,90,Lance Armstrong,probe
2353,90,Lance Armstrong,probe
2940,90,Lance Armstrong,probe
1589,90,Lance Armstrong,probe
2247,91,Laura Bush,train
4152,91,Laura Bush,train
608,91,Laura Bush,train
4308,91,Laura Bush,train
3259,91,Laura Bush,train
2564,91,Laura Bush,gallery
3433,91,Laura Bush,probe
2150,91,Laura Bush,probe
4290,91,Laura Bush,probe
3467,91,Laura Bush,probe
3633,92,Lindsay Davenport,train
171,92,Lindsay Davenport,train
1694,92,Lindsay Davenport,train
2364,92,Lindsay Davenport,train
1255,92,Lindsay Davenport,train
106,92,Lindsay Davenport,gallery
3571,92,Lindsay Davenport,probe
426,92,Lindsay Davenport,probe
3089,92,Lindsay Davenport,probe
4168,92,Lindsay Davenport,probe
3576,93,Lleyton Hewitt,train
3205,93,Lleyton Hewitt,train
815,93,Lleyton Hewitt,train
625,93,Lleyton Hewitt,train
3794,93,Lleyton Hewitt,train
2243,93,Lleyton Hewitt,gallery
2001,93,Lleyton Hewitt,probe
598,93,Lleyton Hewitt,probe
2815,93,Lleyton Hewitt,probe
2990,93,Lleyton Hewitt,probe
2796,94,Lucio Gutierrez,train
2941,94,Lucio Gutierrez,train
1436,94,Lucio Gutierrez,train
1989,94,Lucio Gutierrez,train
971,94,Lucio Gutierrez,train
393,94,Lucio Gutierrez,gallery
2529,94,Lucio Gutierrez,probe
2982,94,Lucio Gutierrez,probe
3730,94,Lucio Gutierrez,probe
2058,94,Lucio Gutierrez,probe
3073,95,Luiz Inacio Lula da Silva,train
2664,95,Luiz Inacio Lula da Silva,train
1899,95,Luiz Inacio Lula da Silva,train
442,95,Luiz Inacio Lula da Silva,train
3705,95,Luiz Inacio Lula da Silva,train
2415,95,Luiz Inacio Lula da Silva,gallery
725,95,Luiz Inacio Lula da Silva,probe
1365,95,Luiz Inacio Lula da Silva,probe
2867,95,Luiz Inacio Lula da Silva,probe
1532,95,Luiz Inacio Lula da Silva,probe
311,96,Mahathir Mohamad,train
3970,96,Mahathir Mohamad,train
992,96,Mahathir Mohamad,train
3524,96,Mahathir Mohamad,train
3967,96,Mahathir Mohamad,train
1782,96,Mahathir Mohamad,gallery
765,96,Mahathir Mohamad,probe
1469,96,Mahathir Mohamad,probe
2830,96,Mahathir Mohamad,probe
3963,96,Mahathir Mohamad,probe
3091,97,Mahmoud Abbas,train
4271,97,Mahmoud Abbas,train
3657,97,Mahmoud Abbas,train
582,97,Mahmoud Abbas,train
1026,97,Mahmoud Abbas,train
2161,97,Mahmoud Abbas,gallery
3044,97,Mahmoud Abbas,probe
3171,97,Mahmoud Abbas,probe
3016,97,Mahmoud Abbas,probe
3086,97,Mahmoud Abbas,probe
3765,98,Mark Philippoussis,train
3348,98,Mark Philippoussis,train
1367,98,Mark Philippoussis,train
1750,98,Mark Philippoussis,train
492,98,Mark Philippoussis,train
4321,98,Mark Philippoussis,gallery
2245,98,Mark Philippoussis,probe
1873,98,Mark Philippoussis,probe
3857,98,Mark Philippoussis,probe
1928,98,Mark Philippoussis,probe
3743,99,Megawati Sukarnoputri,train
1285,99,Megawati Sukarnoputri,train
3403,99,Megawati Sukarnoputri,train
3965,99,Megawati Sukarnoputri,train
949,99,Megawati Sukarnoputri,train
3525,99,Megawati Sukarnoputri,gallery
2093,99,Megawati Sukarnoputri,probe
4019,99,Megawati Sukarnoputri,probe
2872,99,Megawati Sukarnoputri,probe
2848,99,Megawati Sukarnoputri,probe
2676,100,Meryl Streep,train
98,100,Meryl Streep,train
1524,100,Meryl Streep,train
1657,100,Meryl Streep,train
3106,100,Meryl Streep,train
3111,100,Meryl Streep,gallery
1182,100,Meryl Streep,probe
1573,100,Meryl Streep,probe
3684,100,Meryl Streep,probe
548,100,Meryl Streep,probe
2847,101,Michael Bloomberg,train
3518,101,Michael Bloomberg,train
3902,101,Michael Bloomberg,train
3397,101,Michael Bloomberg,train
982,101,Michael Bloomberg,train
1901,101,Michael Bloomberg,gallery
4216,101,Michael Bloomberg,probe
3717,101,Michael Bloomberg,probe
1981,101,Michael Bloomberg,probe
2498,101,Michael Bloomberg,probe
1678,102,Michael Jackson,train
2639,102,Michael Jackson,train
70,102,Michael Jackson,train
1175,102,Michael Jackson,train
4318,102,Michael Jackson,train
796,102,Michael Jackson,gallery
2284,102,Michael Jackson,probe
2969,102,Michael Jackson,probe
981,102,Michael Jackson,probe
718,102,Michael Jackson,probe
2110,103,Michael Schumacher,train
3455,103,Michael Schumacher,train
123,103,Michael Schumacher,train
2835,103,Michael Schumacher,train
1291,103,Michael Schumacher,train
4025,103,Michael Schumacher,gallery
2626,103,Michael Schumacher,probe
667,103,Michael Schumacher,probe
2612,103,Michael Schumacher,probe
2215,103,Michael Schumacher,probe
818,104,Mike Weir,train
4294,104,Mike Weir,train
2336,104,Mike Weir,train
3671,104,Mike Weir,train
2824,104,Mike Weir,train
1516,104,Mike Weir,gallery
2333,104,Mike Weir,probe
1514,104,Mike Weir,probe
1472,104,Mike Weir,probe
2068,104,Mike Weir,probe
1041,105,Mohammad Khatami,train
2513,105,Mohammad Khatami,train
1720,105,Mohammad Khatami,train
2455,105,Mohammad Khatami,train
2727,105,Mohammad Khatami,train
2863,105,Mohammad Khatami,gallery
641,105,Mohammad Khatami,probe
2763,105,Mohammad Khatami,probe
1096,105,Mohammad Khatami,probe
1232,105,Mohammad Khatami,probe
1675,106,Mohammed Al-Douri,train
2670,106,Mohammed Al-Douri,train
3584,106,Mohammed Al-Douri,train
1173,106,Mohammed Al-Douri,train
4153,106,Mohammed Al-Douri,train
1553,106,Mohammed Al-Douri,gallery
217,106,Mohammed Al-Douri,probe
1047,106,Mohammed Al-Douri,probe
3077,106,Mohammed Al-Douri,probe
2324,106,Mohammed Al-Douri,probe
3699,107,Muhammad Ali,train
651,107,Muhammad Ali,train
1161,107,Muhammad Ali,train
708,107,Muhammad Ali,train
1079,107,Muhammad Ali,train
2144,107,Muhammad Ali,gallery
706,107,Muhammad Ali,probe
746,107,Muhammad Ali,probe
4114,107,Muhammad Ali,probe
1994,107,Muhammad Ali,probe
899,108,Nancy Pelosi,train
883,108,Nancy Pelosi,train
4075,108,Nancy Pelosi,train
2713,108,Nancy Pelosi,train
2164,108,Nancy Pelosi,train
2690,108,Nancy Pelosi,gallery
4220,108,Nancy Pelosi,probe
3593,108,Nancy Pelosi,probe
1935,108,Nancy Pelosi,probe
1057,108,Nancy Pelosi,probe
296,109,Naomi Watts,train
3982,109,Naomi Watts,train
266,109,Naomi Watts,train
2993,109,Naomi Watts,train
1464,109,Naomi Watts,train
3811,109,Naomi Watts,gallery
3424,109,Naomi Watts,probe
3133,109,Naomi Watts,probe
1987,109,Naomi Watts,probe
4163,109,Naomi Watts,probe
2578,110,Nestor Kirchner,train
2885,110,Nestor Kirchner,train
3712,110,Nestor Kirchner,train
3866,110,Nestor Kirchner,train
444,110,Nestor Kirchner,train
1638,110,Nestor Kirchner,gallery
3333,110,Nestor Kirchner,probe
1065,110,Nestor Kirchner,probe
3210,110,Nestor Kirchner,probe
3632,110,Nestor Kirchner,probe
1888,111,Nicanor Duarte Frutos,train
69,111,Nicanor Duarte Frutos,train
221,111,Nicanor Duarte Frutos,train
2372,111,Nicanor Duarte Frutos,train
4217,111,Nicanor Duarte Frutos,train
1152,111,Nicanor Duarte Frutos,gallery
1301,111,Nicanor Duarte Frutos,probe
3562,111,Nicanor Duarte Frutos,probe
3561,111,Nicanor Duarte Frutos,probe
1077,111,Nicanor Duarte Frutos,probe
3173,112,Nicole Kidman,train
4048,112,Nicole Kidman,train
3683,112,Nicole Kidman,train
3057,112,Nicole Kidman,train
2774,112,Nicole Kidman,train
3826,112,Nicole Kidman,gallery
1093,112,Nicole Kidman,probe
420,112,Nicole Kidman,probe
790,112,Nicole Kidman,probe
2136,112,Nicole Kidman,probe
3547,113,Norah Jones,train
4093,113,Norah Jones,train
3895,113,Norah Jones,train
4096,113,Norah Jones,train
3910,113,Norah Jones,train
1692,113,Norah Jones,gallery
3352,113,Norah Jones,probe
1569,113,Norah Jones,probe
1338,113,Norah Jones,probe
4262,113,Norah Jones,probe
4035,114,Paradorn Srichaphan,train
431,114,Paradorn Srichaphan,train
1921,114,Paradorn Srichaphan,train
2270,114,Paradorn Srichaphan,train
3156,114,Paradorn Srichaphan,train
2545,114,Paradorn Srichaphan,gallery
2843,114,Paradorn Srichaphan,probe
3031,114,Paradorn Srichaphan,probe
2544,114,Paradorn Srichaphan,probe
2341,114,Paradorn Srichaphan,probe
814,115,Paul Bremer,train
3495,115,Paul Bremer,train
3364,115,Paul Bremer,train
3827,115,Paul Bremer,train
4310,115,Paul Bremer,train
4142,115,Paul Bremer,gallery
3620,115,Paul Bremer,probe
1015,115,Paul Bremer,probe
1807,115,Paul Bremer,probe
2557,115,Paul Bremer,probe
1975,116,Paul Burrell,train
1071,116,Paul Burrell,train
3594,116,Paul Burrell,train
3298,116,Paul Burrell,train
4047,116,Paul Burrell,train
4161,116,Paul Burrell,gallery
399,116,Paul Burrell,probe
1933,116,Paul Burrell,probe
1957,116,Paul Burrell,probe
1097,116,Paul Burrell,probe
91,117,Paul Wolfowitz,train
474,117,Paul Wolfowitz,train
3689,117,Paul Wolfowitz,train
2003,117,Paul Wolfowitz,train
848,117,Paul Wolfowitz,train
1616,117,Paul Wolfowitz,gallery
1076,117,Paul Wolfowitz,probe
1465,117,Paul Wolfowitz,probe
27,117,Paul Wolfowitz,probe
488,117,Paul Wolfowitz,probe
2010,118,Pervez Musharraf,train
3505,118,Pervez Musharraf,train
356,118,Pervez Musharraf,train
3954,118,Pervez Musharraf,train
657,118,Pervez Musharraf,train
527,118,Pervez Musharraf,gallery
3422,118,Pervez Musharraf,probe
2831,118,Pervez Musharraf,probe
3992,118,Pervez Musharraf,probe
3085,118,Pervez Musharraf,probe
879,119,Pete Sampras,train
4099,119,Pete Sampras,train
4319,119,Pete Sampras,train
2407,119,Pete Sampras,train
2828,119,Pete Sampras,train
3402,119,Pete Sampras,gallery
4102,119,Pete Sampras,probe
4194,119,Pete Sampras,probe
2203,119,Pete Sampras,probe
2012,119,Pete Sampras,probe
1717,120,Pierce Brosnan,train
4269,120,Pierce Brosnan,train
1525,120,Pierce Brosnan,train
1758,120,Pierce Brosnan,train
591,120,Pierce Brosnan,train
933,120,Pierce Brosnan,gallery
3445,120,Pierce Brosnan,probe
270,120,Pierce Brosnan,probe
3753,120,Pierce Brosnan,probe
540,120,Pierce Brosnan,probe
4023,121,Queen Elizabeth II,train
3198,121,Queen Elizabeth II,train
236,121,Queen Elizabeth II,train
3351,121,Queen Elizabeth II,train
773,121,Queen Elizabeth II,train
441,121,Queen Elizabeth II,gallery
3797,121,Queen Elizabeth II,probe
3459,121,Queen Elizabeth II,probe
4177,121,Queen Elizabeth II,probe
3012,121,Queen Elizabeth II,probe
917,122,Recep Tayyip Erdogan,train
3432,122,Recep Tayyip Erdogan,train
2791,122,Recep Tayyip Erdogan,train
1048,122,Recep Tayyip Erdogan,train
3648,122,Recep Tayyip Erdogan,train
3682,122,Recep Tayyip Erdogan,gallery
3839,122,Recep Tayyip Erdogan,probe
3603,122,Recep Tayyip Erdogan,probe
1421,122,Recep Tayyip Erdogan,probe
1489,122,Recep Tayyip Erdogan,probe
3082,123,Renee Zellweger,train
2981,123,Renee Zellweger,train
143,123,Renee Zellweger,train
3670,123,Renee Zellweger,train
1705,123,Renee Zellweger,train
1361,123,Renee Zellweger,gallery
1708,123,Renee Zellweger,probe
1929,123,Renee Zellweger,probe
419,123,Renee Zellweger,probe
3624,123,Renee Zellweger,probe
410,124,Ricardo Lagos,train
2535,124,Ricardo Lagos,train
48,124,Ricardo Lagos,train
3025,124,Ricardo Lagos,train
3849,124,Ricardo Lagos,train
832,124,Ricardo Lagos,gallery
1427,124,Ricardo Lagos,probe
257,124,Ricardo Lagos,probe
1936,124,Ricardo Lagos,probe
1447,124,Ricardo Lagos,probe
3310,125,Richard Gephardt,train
463,125,Richard Gephardt,train
29,125,Richard Gephardt,train
409,125,Richard Gephardt,train
2736,125,Richard Gephardt,train
4293,125,Richard Gephardt,gallery
1351,125,Richard Gephardt,probe
88,125,Richard Gephardt,probe
3739,125,Richard Gephardt,probe
3414,125,Richard Gephardt,probe
4244,126,Richard Gere,train
2154,126,Richard Gere,train
1673,126,Richard Gere,train
2186,126,Richard Gere,train
617,126,Richard Gere,train
1348,126,Richard Gere,gallery
202,126,Richard Gere,probe
307,126,Richard Gere,probe
3237,126,Richard Gere,probe
800,126,Richard Gere,probe
2413,127,Richard Myers,train
3750,127,Richard Myers,train
4081,127,Richard Myers,train
4077,127,Richard Myers,train
784,127,Richard Myers,train
4165,127,Richard Myers,gallery
2230,127,Richard Myers,probe
4187,127,Richard Myers,probe
68,127,Richard Myers,probe
1539,127,Richard Myers,probe
2172,128,Roger Federer,train
761,128,Roger Federer,train
3673,128,Roger Federer,train
2492,128,Roger Federer,train
590,128,Roger Federer,train
26,128,Roger Federer,gallery
529,128,Roger Federer,probe
1793,128,Roger Federer,probe
2437,128,Roger Federer,probe
2522,128,Roger Federer,probe
2560,129,Roh Moo-hyun,train
2090,129,Roh Moo-hyun,train
1328,129,Roh Moo-hyun,train
2520,129,Roh Moo-hyun,train
1236,129,Roh Moo-hyun,train
2590,129,Roh Moo-hyun,gallery
2279,129,Roh Moo-hyun,probe
2064,129,Roh Moo-hyun,probe
1932,129,Roh Moo-hyun,probe
838,129,Roh Moo-hyun,probe
3752,130,Rubens Barrichello,train
3513,130,Rubens Barrichello,train
3582,130,Rubens Barrichello,train
375,130,Rubens Barrichello,train
3738,130,Rubens Barrichello,train
2856,130,Rubens Barrichello,gallery
4138,130,Rubens Barrichello,probe
628,130,Rubens Barrichello,probe
1976,130,Rubens Barrichello,probe
4238,130,Rubens Barrichello,probe
3353,131,Rudolph Giuliani,train
240,131,Rudolph Giuliani,train
3914,131,Rudolph Giuliani,train
777,131,Rudolph Giuliani,train
247,131,Rudolph Giuliani,train
1229,131,Rudolph Giuliani,gallery
406,131,Rudolph Giuliani,probe
1456,131,Rudolph Giuliani,probe
28,131,Rudolph Giuliani,probe
1860,131,Rudolph Giuliani,probe
1358,132,Saddam Hussein,train
3537,132,Saddam Hussein,train
3074,132,Saddam Hussein,train
1326,132,Saddam Hussein,train
2184,132,Saddam Hussein,train
2637,132,Saddam Hussein,gallery
2222,132,Saddam Hussein,probe
314,132,Saddam Hussein,probe
1466,132,Saddam Hussein,probe
1541,132,Saddam Hussein,probe
3543,133,Salma Hayek,train
2901,133,Salma Hayek,train
1613,133,Salma Hayek,train
1834,133,Salma Hayek,train
965,133,Salma Hayek,train
3230,133,Salma Hayek,gallery
1005,133,Salma Hayek,probe
1199,133,Salma Hayek,probe
2067,133,Salma Hayek,probe
2323,133,Salma Hayek,probe
2223,134,Serena Williams,train
4193,134,Serena Williams,train
2198,134,Serena Williams,train
4030,134,Serena Williams,train
2,134,Serena Williams,train
1409,134,Serena Williams,gallery
554,134,Serena Williams,probe
671,134,Serena Williams,probe
3864,134,Serena Williams,probe
3917,134,Serena Williams,probe
4190,135,Sergey Lavrov,train
3693,135,Sergey Lavrov,train
3550,135,Sergey Lavrov,train
1452,135,Sergey Lavrov,train
3744,135,Sergey Lavrov,train
2229,135,Sergey Lavrov,gallery
3680,135,Sergey Lavrov,probe
1830,135,Sergey Lavrov,probe
3780,135,Sergey Lavrov,probe
1706,135,Sergey Lavrov,probe
2643,136,Sergio Vieira De Mello,train
2083,136,Sergio Vieira De Mello,train
2593,136,Sergio Vieira De Mello,train
1410,136,Sergio Vieira De Mello,train
3649,136,Sergio Vieira De Mello,train
3202,136,Sergio Vieira De Mello,gallery
4322,136,Sergio Vieira De Mello,probe
3340,136,Sergio Vieira De Mello,probe
2210,136,Sergio Vieira De Mello,probe
279,136,Sergio Vieira De Mello,probe
3215,137,Silvio Berlusconi,train
3517,137,Silvio Berlusconi,train
2607,137,Silvio Berlusconi,train
1396,137,Silvio Berlusconi,train
451,137,Silvio Berlusconi,train
2970,137,Silvio Berlusconi,gallery
1278,137,Silvio Berlusconi,probe
2460,137,Silvio Berlusconi,probe
3350,137,Silvio Berlusconi,probe
487,137,Silvio Berlusconi,probe
2143,138,Spencer Abraham,train
47,138,Spencer Abraham,train
3596,138,Spencer Abraham,train
3713,138,Spencer Abraham,train
882,138,Spencer Abraham,train
3641,138,Spencer Abraham,gallery
1633,138,Spencer Abraham,probe
1417,138,Spencer Abraham,probe
811,138,Spencer Abraham,probe
2813,138,Spencer Abraham,probe
2212,139,Taha Yassin Ramadan,train
1595,139,Taha Yassin Ramadan,train
2368,139,Taha Yassin Ramadan,train
1145,139,Taha Yassin Ramadan,train
4001,139,Taha Yassin Ramadan,train
338,139,Taha Yassin Ramadan,gallery
93,139,Taha Yassin Ramadan,probe
3226,139,Taha Yassin Ramadan,probe
2072,139,Taha Yassin Ramadan,probe
2800,139,Taha Yassin Ramadan,probe
1477,140,Tang Jiaxuan,train
1203,140,Tang Jiaxuan,train
3034,140,Tang Jiaxuan,train
1083,140,Tang Jiaxuan,train
1438,140,Tang Jiaxuan,train
2187,140,Tang Jiaxuan,gallery
1855,140,Tang Jiaxuan,probe
3972,140,Tang Jiaxuan,probe
719,140,Tang Jiaxuan,probe
1812,140,Tang Jiaxuan,probe
1881,141,Tiger Woods,train
3308,141,Tiger Woods,train
3728,141,Tiger Woods,train
2927,141,Tiger Woods,train
170,141,Tiger Woods,train
4037,141,Tiger Woods,gallery
3107,141,Tiger Woods,probe
1224,141,Tiger Woods,probe
2038,141,Tiger Woods,probe
2853,141,Tiger Woods,probe
3322,142,Tim Henman,train
806,142,Tim Henman,train
2646,142,Tim Henman,train
4006,142,Tim Henman,train
2745,142,Tim Henman,train
3949,142,Tim Henman,gallery
458,142,Tim Henman,probe
4292,142,Tim Henman,probe
1661,142,Tim Henman,probe
4084,142,Tim Henman,probe
2839,143,Tom Cruise,train
1640,143,Tom Cruise,train
1253,143,Tom Cruise,train
1273,143,Tom Cruise,train
343,143,Tom Cruise,train
3109,143,Tom Cruise,gallery
2554,143,Tom Cruise,probe
1018,143,Tom Cruise,probe
2131,143,Tom Cruise,probe
2449,143,Tom Cruise,probe
3868,144,Tom Daschle,train
3727,144,Tom Daschle,train
1977,144,Tom Daschle,train
867,144,Tom Daschle,train
525,144,Tom Daschle,train
2833,144,Tom Daschle,gallery
1167,144,Tom Daschle,probe
3508,144,Tom Daschle,probe
2765,144,Tom Daschle,probe
391,144,Tom Daschle,probe
3626,145,Tom Hanks,train
3681,145,Tom Hanks,train
3923,145,Tom Hanks,train
2992,145,Tom Hanks,train
4272,145,Tom Hanks,train
963,145,Tom Hanks,gallery
2074,145,Tom Hanks,probe
139,145,Tom Hanks,probe
3522,145,Tom Hanks,probe
522,145,Tom Hanks,probe
2568,146,Tom Ridge,train
3492,146,Tom Ridge,train
3534,146,Tom Ridge,train
3377,146,Tom Ridge,train
276,146,Tom Ridge,train
1755,146,Tom Ridge,gallery
3776,146,Tom Ridge,probe
1803,146,Tom Ridge,probe
1219,146,Tom Ridge,probe
1295,146,Tom Ridge,probe
3618,147,Tommy Franks,train
843,147,Tommy Franks,train
3177,147,Tommy Franks,train
4126,147,Tommy Franks,train
1244,147,Tommy Franks,train
1207,147,Tommy Franks,gallery
3822,147,Tommy Franks,probe
2376,147,Tommy Franks,probe
148,147,Tommy Franks,probe
3783,147,Tommy Franks,probe
3437,148,Tommy Thompson,train
542,148,Tommy Thompson,train
2292,148,Tommy Thompson,train
3785,148,Tommy Thompson,train
595,148,Tommy Thompson,train
1918,148,Tommy Thompson,gallery
3640,148,Tommy Thompson,probe
1129,148,Tommy Thompson,probe
4024,148,Tommy Thompson,probe
850,148,Tommy Thompson,probe
2661,149,Tony Blair,train
2662,149,Tony Blair,train
1327,149,Tony Blair,train
1523,149,Tony Blair,train
778,149,Tony Blair,train
694,149,Tony Blair,gallery
3549,149,Tony Blair,probe
81,149,Tony Blair,probe
4309,149,Tony Blair,probe
1233,149,Tony Blair,probe
2799,150,Trent Lott,train
559,150,Trent Lott,train
1916,150,Trent Lott,train
2948,150,Trent Lott,train
1551,150,Trent Lott,train
3192,150,Trent Lott,gallery
3630,150,Trent Lott,probe
3934,150,Trent Lott,probe
1482,150,Trent Lott,probe
2185,150,Trent Lott,probe
4064,151,Venus Williams,train
1917,151,Venus Williams,train
1796,151,Venus Williams,train
99,151,Venus Williams,train
3304,151,Venus Williams,train
3631,151,Venus Williams,gallery
3164,151,Venus Williams,probe
808,151,Venus Williams,probe
1317,151,Venus Williams,probe
1378,151,Venus Williams,probe
989,152,Vicente Fox,train
2903,152,Vicente Fox,train
1230,152,Vicente Fox,train
643,152,Vicente Fox,train
731,152,Vicente Fox,train
1895,152,Vicente Fox,gallery
1891,152,Vicente Fox,probe
4223,152,Vicente Fox,probe
3837,152,Vicente Fox,probe
3832,152,Vicente Fox,probe
4,153,Vladimir Putin,train
785,153,Vladimir Putin,train
686,153,Vladimir Putin,train
3760,153,Vladimir Putin,train
1380,153,Vladimir Putin,train
503,153,Vladimir Putin,gallery
2925,153,Vladimir Putin,probe
2826,153,Vladimir Putin,probe
2470,153,Vladimir Putin,probe
104,153,Vladimir Putin,probe
78,154,Walter Mondale,train
4018,154,Walter Mondale,train
4042,154,Walter Mondale,train
2020,154,Walter Mondale,train
144,154,Walter Mondale,train
2298,154,Walter Mondale,gallery
1683,154,Walter Mondale,probe
1559,154,Walter Mondale,probe
4208,154,Walter Mondale,probe
2467,154,Walter Mondale,probe
3223,155,Wen Jiabao,train
2446,155,Wen Jiabao,train
4034,155,Wen Jiabao,train
4182,155,Wen Jiabao,train
1272,155,Wen Jiabao,train
3819,155,Wen Jiabao,gallery
1497,155,Wen Jiabao,probe
3117,155,Wen Jiabao,probe
1457,155,Wen Jiabao,probe
2091,155,Wen Jiabao,probe
1098,156,Winona Ryder,train
242,156,Winona Ryder,train
2145,156,Winona Ryder,train
3099,156,Winona Ryder,train
256,156,Winona Ryder,train
2923,156,Winona Ryder,gallery
1223,156,Winona Ryder,probe
801,156,Winona Ryder,probe
2406,156,Winona Ryder,probe
24,156,Winona Ryder,probe
2825,157,Yoriko Kawaguchi,train
2479,157,Yoriko Kawaguchi,train
4049,157,Yoriko Kawaguchi,train
593,157,Yoriko Kawaguchi,train
810,157,Yoriko Kawaguchi,train
4070,157,Yoriko Kawaguchi,gallery
4145,157,Yoriko Kawaguchi,probe
2614,157,Yoriko Kawaguchi,probe
2677,157,Yoriko Kawaguchi,probe
1945,157,Yoriko Kawaguchi,probe
